b8,-93,781,1997
17,-92,781,1997
b8,-92,781,1997
3,-88,781,1997
17,-91,781,1997
b8,-91,781,1997
3,-88,781,1997
b8,-85,781,1997
b8,-88,781,1997
3,-86,781,1997
b8,-91,781,1997
17,-91,781,1997
b8,-87,781,1997
3,-89,781,1997
b8,-82,798,1997
17,-87,798,1997
b8,-84,854,1997
17,-88,854,1997
17,-91,854,1997
17,-93,854,1997
17,-92,854,1997
b8,-89,854,1997
b8,-93,921,1997
17,-93,921,1997
b8,-89,921,1997
b8,-91,975,1997
b8,-93,975,2066
b8,-86,975,2066
b8,-91,975,2066
b8,-91,975,2066
3,-93,975,2150
b8,-91,975,2150
3,-93,975,2150
b8,-91,975,2250
b8,-86,975,2250
b8,-93,975,2250
17,-90,996,2250
17,-88,996,2250
17,-88,996,2250
17,-91,996,2250
17,-93,996,2250
17,-92,996,2250
17,-91,996,2250
17,-91,996,2250
17,-91,996,2250
17,-93,996,2250
17,-89,996,2250
17,-91,996,2250
17,-88,996,2117
17,-92,996,2117
17,-92,996,2117
17,-87,996,2117
17,-85,996,2117
17,-91,996,2117
17,-90,883,2117
17,-91,883,2117
17,-90,883,2117
17,-92,765,2117
17,-93,765,2117
17,-93,765,2117
17,-87,765,2117
17,-85,765,2117
17,-90,615,2117
17,-93,615,2117
17,-91,615,2117
17,-89,615,2117
f8,-91,615,2117
17,-90,615,2117
17,-92,615,2117
62,-93,615,2117
b8,-92,615,2117
f8,-86,615,2117
17,-88,615,2117
b8,-85,615,2117
b8,-87,615,2117
b8,-90,615,2117
17,-89,615,2117
b8,-85,615,2117
f8,-93,615,2117
17,-88,615,2117
17,-93,615,2117
b8,-91,615,2117
17,-87,615,2117
b8,-90,615,2117
17,-87,615,2117
17,-86,615,2117
b8,-89,615,2117
17,-92,615,2117
b8,-91,615,2117
b8,-86,615,2117
b8,-83,567,2117
b8,-88,567,2117
17,-88,567,2117
62,-93,567,2117
b8,-91,567,2117
17,-88,567,2117
b8,-87,567,2117
b8,-86,567,2117
b8,-80,567,2117
b8,-87,567,2117
f8,-90,567,2117
b8,-87,567,2117
b8,-82,567,2117
b8,-82,567,1995
b8,-92,567,1995
b8,-84,567,1995
b8,-81,567,1995
b8,-84,567,1995
f8,-91,567,1995
b8,-80,567,1995
b8,-86,567,1995
b8,-90,567,1921
b8,-81,567,1921
b8,-84,567,1921
f8,-93,567,1921
b8,-86,567,1921
f8,-87,567,1921
b8,-84,567,1921
b8,-86,567,1921
b8,-89,567,1921
b8,-80,567,1796
b8,-88,567,1804
b8,-85,567,1804
b8,-89,567,1804
f8,-88,567,1804
b8,-93,567,1804
f8,-86,567,1804
b8,-79,567,1804
b8,-85,567,1804
f8,-89,567,1804
b8,-88,567,1804
b8,-79,567,1804
f8,-86,567,1804
b8,-86,567,1804
b8,-89,567,1804
f8,-88,567,1804
b8,-77,567,1804
b8,-89,567,1804
b8,-77,567,1804
b8,-80,601,1804
b8,-74,613,1804
b8,-79,622,1804
b8,-93,579,1804
b8,-79,578,1652
f8,-89,578,1652
b8,-91,578,1665
b8,-79,578,1665
b8,-88,578,1665
b8,-89,578,1665
b8,-88,578,1665
b8,-81,578,1665
b8,-81,578,1665
b8,-88,578,1665
b8,-86,578,1665
b8,-88,578,1665
b8,-78,578,1665
b8,-79,578,1665
b8,-84,578,1665
b8,-81,578,1665
b8,-79,578,1665
b8,-82,578,1665
b8,-77,578,1665
b8,-82,578,1592
b8,-86,578,1592
b8,-83,578,1592
b8,-79,578,1592
b8,-92,578,1592
b8,-85,578,1592
17,-87,578,1592
17,-85,578,1592
17,-90,578,1592
17,-88,578,1497
17,-89,578,1497
17,-93,578,1497
17,-78,578,1497
17,-85,578,1497
17,-93,578,1497
17,-77,578,1497
17,-85,578,1497
17,-92,578,1497
17,-79,578,1497
17,-87,578,1497
17,-82,578,1497
17,-77,578,1494
17,-84,578,1407
17,-92,578,1407
17,-84,578,1407
2a,-93,578,1407
43,-89,578,1407
17,-81,578,1407
17,-82,578,1407
17,-91,578,1407
17,-89,578,1407
17,-82,578,1407
17,-81,578,1407
43,-91,578,1407
17,-93,578,1407
17,-81,578,1407
17,-88,578,1407
17,-84,578,1269
17,-84,578,1276
17,-88,578,1276
17,-81,578,1276
17,-78,578,1276
17,-86,578,1276
17,-82,578,1276
17,-85,578,1276
17,-81,578,1276
43,-91,578,1276
2a,-93,578,1276
17,-80,578,1276
2a,-87,578,1276
17,-84,578,1276
17,-85,578,1276
17,-84,578,1276
17,-84,578,1276
17,-81,578,1276
2a,-86,578,1276
17,-80,578,1276
17,-81,578,1276
17,-81,578,1276
17,-81,578,1276
2a,-92,578,1197
17,-82,578,1197
17,-84,578,1189
17,-88,578,1189
43,-93,578,1189
2a,-92,578,1189
17,-81,578,1189
17,-79,578,1189
43,-90,578,1189
17,-87,578,1189
17,-79,578,1189
2a,-91,578,1189
17,-84,578,1189
17,-86,578,1189
17,-91,578,1090
17,-90,578,1090
b8,-76,578,1090
17,-82,578,1090
b8,-69,578,1090
2a,-91,578,1090
17,-76,578,1090
b8,-74,578,1090
17,-90,578,1090
b8,-80,578,1090
17,-79,578,1090
d7,-91,578,1090
b8,-72,578,1090
b8,-75,578,1090
b8,-79,578,1090
17,-78,578,1090
b8,-75,578,1090
17,-79,578,1090
b8,-70,578,1090
17,-85,578,1090
b8,-75,578,1034
17,-86,578,1034
b8,-69,578,1037
17,-84,578,1037
17,-79,578,1037
b8,-71,578,1037
17,-87,578,1037
b8,-66,578,1037
51,-93,578,1037
17,-87,578,1037
b8,-70,578,1037
17,-79,578,1037
b8,-69,578,1037
17,-78,578,1037
b8,-66,578,1037
17,-74,578,1037
b8,-73,578,1037
17,-74,578,1037
d7,-90,578,1037
b8,-72,578,1037
17,-81,578,1037
b8,-88,578,1037
17,-71,578,1037
b8,-72,578,968
17,-89,578,968
b8,-70,578,967
b8,-67,578,967
17,-74,578,967
b8,-70,578,967
17,-69,578,967
b8,-81,578,967
17,-78,578,967
b8,-72,578,967
17,-75,578,967
b8,-68,578,967
17,-73,578,967
b8,-85,578,967
17,-75,578,967
b8,-72,578,967
17,-77,578,967
b8,-68,578,967
17,-71,578,967
b8,-79,578,967
17,-75,578,967
b8,-70,578,967
17,-77,578,967
b8,-67,578,967
17,-71,578,967
b8,-86,578,967
b8,-71,578,967
b8,-70,578,967
b8,-73,578,967
b8,-69,578,967
b8,-71,578,967
b8,-71,578,967
d7,-92,578,967
b8,-65,578,967
b8,-72,578,967
d7,-92,578,967
b8,-71,578,967
b8,-68,578,967
b8,-71,578,967
b8,-71,578,967
d7,-93,578,967
b8,-70,578,967
b8,-68,578,967
b8,-74,578,967
b8,-72,531,967
d7,-92,531,967
b8,-71,531,967
d7,-93,531,967
b8,-73,531,967
b8,-75,531,967
b8,-75,531,967
b8,-78,531,967
d7,-88,531,967
b8,-79,531,967
b8,-75,531,967
d7,-92,531,967
b8,-78,531,967
b8,-79,531,967
b8,-79,531,967
b8,-75,531,967
d7,-93,531,967
b8,-74,531,967
b8,-81,531,967
d7,-93,531,967
b8,-70,531,967
b8,-75,531,967
d7,-90,531,967
b8,-71,531,967
b8,-77,531,967
b8,-74,531,967
b8,-71,531,967
b8,-75,531,967
d7,-91,531,967
b8,-71,531,967
b8,-66,531,967
d7,-93,531,967
b8,-70,531,967
b8,-71,531,967
b8,-72,531,967
b8,-73,531,967
d7,-91,531,967
b8,-70,531,967
b8,-71,531,967
d7,-87,531,967
b8,-79,531,967
b8,-74,531,967
b8,-73,531,967
d7,-92,531,967
b8,-84,531,967
b8,-70,531,967
b8,-77,531,967
b8,-72,347,967
b8,-67,420,967
b8,-61,433,967
d7,-92,442,967
b8,-71,442,967
b8,-71,442,967
b8,-63,442,967
b8,-69,442,967
b8,-71,442,967
b8,-62,442,967
b8,-76,442,967
b8,-72,442,967
b8,-79,442,967
b8,-75,442,967
b8,-75,442,967
b8,-67,442,967
b8,-73,442,967
b8,-69,442,967
b8,-84,442,967
b8,-62,442,967
b8,-72,442,914
b8,-69,442,914
17,-75,379,914
17,-77,348,914
17,-69,348,914
17,-73,348,914
17,-71,348,914
17,-71,348,914
17,-77,348,914
17,-71,348,914
17,-69,348,914
17,-71,348,914
17,-69,348,914
d7,-93,348,914
17,-72,348,914
17,-71,348,853
17,-89,348,852
17,-72,348,852
17,-73,348,852
17,-77,348,852
17,-68,348,852
17,-73,348,852
17,-73,348,852
17,-71,348,852
17,-72,348,852
17,-77,348,852
17,-80,348,852
17,-73,348,852
17,-74,348,852
17,-77,348,852
17,-75,348,852
17,-71,348,852
17,-68,348,852
17,-77,348,776
17,-76,348,776
17,-69,348,776
17,-64,348,776
17,-78,348,776
17,-66,348,776
17,-64,348,776
17,-77,348,776
17,-66,348,776
17,-66,348,776
17,-66,348,776
17,-66,348,776
17,-65,348,737
17,-71,348,705
17,-64,348,705
17,-75,348,705
17,-58,348,705
17,-64,348,705
17,-70,348,705
17,-62,348,705
17,-67,348,705
17,-73,348,705
17,-62,348,705
17,-61,348,705
b8,-59,348,705
17,-71,348,705
b8,-59,348,705
17,-71,348,705
b8,-62,348,705
17,-61,348,705
b8,-53,348,612
17,-65,348,612
b8,-55,348,612
17,-68,348,612
b8,-55,348,612
17,-61,348,612
b8,-59,348,612
17,-73,348,612
b8,-54,348,612
17,-62,348,612
b8,-55,348,612
17,-58,348,612
b8,-57,348,612
17,-71,348,612
b8,-54,348,612
17,-61,348,612
b8,-55,348,612
17,-59,348,612
b8,-57,348,612
17,-72,348,612
b8,-53,348,612
17,-66,348,612
b8,-54,348,612
17,-58,348,612
b8,-57,348,612
17,-65,348,612
b8,-54,348,612
17,-61,348,612
b8,-54,348,612
17,-57,348,612
b8,-59,348,612
17,-63,348,612
b8,-55,348,612
17,-62,348,612
b8,-56,348,612
17,-62,348,612
b8,-59,348,612
17,-57,348,612
b8,-59,348,612
17,-58,348,612
b8,-55,348,612
17,-55,348,612
b8,-62,348,612
17,-56,348,612
b8,-59,348,612
17,-57,348,612
b8,-59,348,612
17,-62,348,612
b8,-65,348,612
17,-69,348,612
b8,-64,348,612
17,-63,348,612
b8,-64,348,612
17,-64,348,612
b8,-66,348,612
b8,-57,348,612
17,-59,348,612
b8,-58,348,612
17,-56,348,612
b8,-65,348,612
17,-56,348,612
b8,-57,348,612
17,-57,348,612
b8,-58,348,612
17,-56,348,612
b8,-62,348,612
17,-62,348,612
b8,-60,348,612
17,-57,348,612
b8,-57,348,612
17,-58,348,612
b8,-63,348,612
17,-55,348,612
b8,-57,348,612
b8,-57,348,612
b8,-64,348,544
b8,-61,348,500
b8,-59,348,500
b8,-63,348,500
b8,-77,348,500
b8,-57,348,500
b8,-65,348,500
b8,-62,348,500
b8,-61,348,500
b8,-70,348,500
b8,-62,348,500
b8,-56,348,500
b8,-61,348,500
b8,-66,348,370
b8,-73,348,370
b8,-69,348,370
b8,-66,348,370
b8,-63,348,370
b8,-74,348,370
b8,-69,348,370
b8,-65,348,370
b8,-78,348,370
b8,-59,348,370
b8,-60,348,370
b8,-59,348,370
b8,-64,348,359
b8,-64,348,359
b8,-72,348,359
b8,-71,348,359
b8,-74,348,359
b8,-79,348,359
b8,-69,348,359
b8,-73,348,359
b8,-86,348,359
b8,-68,348,359
b8,-64,348,359
b8,-78,348,359
b8,-59,348,359
b8,-78,348,359
b8,-72,348,359
b8,-59,348,359
b8,-71,348,359
b8,-70,348,359
b8,-59,348,359
b8,-71,348,359
b8,-59,348,359
b8,-68,348,359
b8,-69,348,359
b8,-59,348,359
b8,-69,348,359
b8,-70,348,359
b8,-59,348,359
b8,-68,348,359
51,-92,348,359
51,-92,348,359
51,-92,348,359
51,-93,348,359
51,-92,348,359
51,-92,348,359
17,-71,348,359
17,-61,348,359
17,-57,348,359
51,-93,348,359
17,-74,348,359
17,-63,348,359
17,-59,348,359
17,-68,346,359
17,-52,311,359
17,-57,287,359
17,-55,287,359
17,-60,287,359
17,-60,287,359
17,-56,287,359
17,-54,287,394
17,-75,287,394
17,-65,287,394
17,-66,287,394
17,-60,287,394
17,-71,287,394
17,-60,287,394
17,-62,287,394
17,-62,287,394
17,-69,287,421
17,-66,287,461
17,-73,287,461
17,-65,287,461
17,-69,287,461
17,-66,287,461
17,-64,287,461
17,-64,287,461
17,-59,287,461
17,-62,287,461
17,-60,287,461
17,-64,287,461
17,-67,287,461
17,-67,287,461
17,-64,287,570
17,-67,287,552
17,-72,287,552
17,-75,287,552
17,-69,287,552
17,-80,287,552
17,-66,287,552
51,-92,287,552
17,-77,287,566
17,-71,287,634
17,-72,287,633
17,-67,287,677
17,-70,287,677
17,-69,287,677
17,-71,287,677
17,-71,287,677
17,-77,287,677
17,-69,287,677
17,-71,287,677
17,-83,287,677
17,-67,287,677
51,-93,287,677
17,-66,287,677
17,-73,287,677
17,-71,287,677
17,-84,287,677
17,-80,287,753
17,-77,287,753
17,-84,287,753
b8,-74,287,753
17,-76,287,753
b8,-72,287,753
17,-78,287,753
b8,-72,287,753
17,-69,287,753
b8,-73,287,753
d7,-93,287,753
17,-71,287,753
b8,-71,287,753
51,-89,287,753
17,-75,287,753
b8,-66,287,753
17,-82,287,753
b8,-77,287,753
51,-91,287,753
17,-72,287,753
b8,-77,287,753
17,-71,287,753
b8,-67,287,753
51,-88,287,753
17,-71,287,753
b8,-74,287,768
17,-71,287,782
b8,-72,287,823
51,-90,287,823
17,-80,287,823
b8,-82,287,823
17,-87,287,823
b8,-73,287,823
51,-87,287,823
17,-78,287,823
b8,-75,287,823
b8,-88,287,823
17,-76,287,823
17,-73,287,823
b8,-75,287,823
51,-90,287,823
17,-77,287,823
b8,-71,287,823
17,-71,287,823
b8,-75,287,823
51,-85,287,823
17,-69,287,823
b8,-75,287,823
17,-75,287,823
b8,-70,287,833
51,-91,287,833
17,-71,287,833
b8,-75,287,941
17,-79,287,941
b8,-86,287,941
17,-79,287,941
b8,-81,287,941
17,-73,287,941
51,-86,287,941
17,-74,287,941
b8,-93,287,941
17,-75,287,941
17,-75,287,941
b8,-73,287,941
17,-75,287,941
b8,-80,287,941
51,-91,287,941
17,-75,287,941
b8,-81,287,941
17,-72,287,941
b8,-71,287,941
51,-86,287,941
17,-75,287,941
b8,-84,287,941
b8,-93,287,941
b8,-74,287,941
b8,-84,287,941
b8,-79,287,1044
b8,-78,287,1041
b8,-84,287,1041
b8,-79,287,1041
b8,-86,287,1041
b8,-79,287,1041
b8,-79,287,1041
b8,-87,287,1126
b8,-83,287,1126
b8,-76,287,1126
b8,-91,287,1126
b8,-90,287,1126
b8,-79,287,1126
b8,-78,287,1126
b8,-75,287,1126
b8,-93,287,1126
b8,-77,287,1214
b8,-81,287,1214
b8,-77,287,1214
b8,-78,287,1214
b8,-83,287,1214
b8,-79,287,1214
b8,-91,287,1214
b8,-81,287,1214
b8,-80,287,1214
b8,-82,287,1214
b8,-85,287,1312
b8,-80,287,1312
b8,-78,287,1312
b8,-79,287,1312
b8,-81,287,1312
b8,-80,287,1312
b8,-83,287,1381
b8,-81,287,1365
b8,-81,287,1365
b8,-89,287,1365
b8,-79,287,1365
b8,-86,287,1365
b8,-83,287,1365
b8,-77,287,1365
b8,-84,287,1365
b8,-84,287,1365
b8,-87,287,1365
b8,-87,287,1365
b8,-87,287,1365
b8,-79,287,1443
b8,-90,287,1442
b8,-84,287,1442
b8,-77,287,1442
b8,-79,287,1442
b8,-81,287,1442
b8,-85,287,1442
b8,-77,287,1442
b8,-77,287,1442
b8,-81,287,1442
b8,-82,287,1442
b8,-78,291,1442
62,-93,195,1442
b8,-74,195,1442
b8,-77,195,1442
b8,-86,195,1442
17,-84,195,1368
17,-89,195,1368
17,-78,195,1368
17,-80,195,1368
17,-81,195,1368
17,-84,195,1368
17,-75,195,1368
17,-77,195,1368
17,-75,195,1368
17,-81,195,1368
17,-81,195,1368
17,-78,195,1368
17,-86,195,1363
17,-79,195,1278
17,-79,195,1278
17,-76,195,1278
17,-80,195,1278
17,-74,195,1278
17,-86,195,1278
17,-84,195,1278
17,-72,195,1278
17,-79,195,1238
17,-78,195,1214
17,-82,195,1214
17,-77,195,1214
17,-75,195,1214
17,-74,195,1214
17,-75,195,1214
17,-70,195,1214
17,-83,195,1214
17,-74,195,1214
17,-78,195,1159
17,-79,195,1045
17,-75,195,1045
17,-79,195,1045
17,-76,195,1045
17,-76,195,1045
17,-70,195,1045
17,-72,195,1045
17,-77,195,1045
17,-81,195,1045
17,-80,195,1045
17,-87,195,1045
17,-86,195,1045
17,-93,195,1045
17,-81,195,1045
17,-72,195,1045
17,-76,195,1045
17,-81,195,1045
17,-78,195,1045
17,-77,195,1045
17,-84,195,1045
17,-81,195,1114
17,-87,195,1114
17,-81,195,1092
17,-77,195,1092
17,-75,195,1092
17,-86,195,1092
17,-78,195,1092
17,-77,195,1092
17,-81,195,1092
17,-79,195,1092
17,-75,195,1092
17,-86,195,1092
17,-78,195,1092
17,-75,195,1092
17,-73,195,1092
b8,-77,195,1092
17,-77,195,1092
b8,-77,195,1092
17,-75,195,1092
b8,-93,195,1042
17,-79,195,1040
b8,-80,195,1025
17,-86,195,1025
b8,-80,195,1025
17,-77,195,1025
b8,-84,195,1025
17,-76,195,1025
b8,-77,195,1025
17,-81,195,1025
b8,-79,195,1025
17,-77,195,1025
b8,-76,195,1025
17,-81,195,1025
b8,-88,195,1025
17,-81,195,1025
b8,-82,195,1025
17,-88,195,1025
b8,-75,195,1025
17,-77,195,1025
b8,-84,195,1025
17,-80,195,1025
b8,-79,195,1025
b8,-81,195,1025
17,-81,195,1025
b8,-79,195,1025
17,-79,195,1025
b8,-79,195,1025
17,-81,195,1025
b8,-81,195,1025
17,-78,195,1025
b8,-75,195,969
17,-91,195,964
b8,-77,195,900
17,-73,195,900
b8,-85,195,900
b8,-77,195,900
17,-81,195,900
b8,-75,195,900
17,-79,195,900
b8,-74,195,900
17,-72,195,900
b8,-77,195,900
17,-74,195,900
b8,-76,195,900
17,-79,195,900
b8,-78,195,900
17,-74,195,900
b8,-80,195,900
17,-79,195,900
b8,-77,195,900
17,-91,195,900
b8,-80,195,900
17,-81,195,900
b8,-73,195,813
b8,-88,195,813
b8,-85,195,813
b8,-71,195,813
b8,-69,195,813
b8,-71,195,813
b8,-73,195,813
b8,-72,195,813
b8,-87,195,813
b8,-78,195,813
b8,-85,195,813
b8,-73,195,739
b8,-75,195,730
b8,-77,195,730
b8,-87,195,730
b8,-73,195,730
b8,-78,195,730
b8,-75,195,730
b8,-69,195,730
b8,-81,195,730
b8,-81,195,696
b8,-75,195,696
b8,-87,195,696
b8,-80,195,696
b8,-74,195,696
b8,-84,195,696
b8,-69,195,696
b8,-77,195,696
b8,-73,195,696
b8,-84,195,696
b8,-69,195,696
b8,-75,195,696
b8,-78,195,590
b8,-70,195,587
b8,-74,195,587
b8,-71,195,587
b8,-67,195,587
b8,-63,195,587
b8,-69,195,587
b8,-68,195,587
b8,-80,195,587
b8,-76,195,587
b8,-72,195,587
b8,-73,195,587
b8,-71,195,587
b8,-75,195,587
b8,-73,195,587
b8,-69,195,587
b8,-77,195,587
b8,-71,195,587
b8,-70,195,587
b8,-69,195,587
b8,-69,195,587
43,-93,195,587
b8,-66,195,587
b8,-75,195,587
b8,-62,195,496
b8,-70,195,496
b8,-71,195,496
b8,-80,195,496
51,-93,195,496
17,-66,195,496
17,-64,195,496
17,-64,195,496
17,-59,195,422
51,-91,195,422
17,-64,195,422
17,-60,195,422
17,-57,195,422
17,-59,195,422
17,-60,195,422
17,-57,195,422
17,-60,195,422
17,-60,195,422
17,-57,195,422
17,-56,195,422
17,-56,195,422
17,-58,195,422
17,-62,195,422
17,-59,195,422
17,-63,195,422
17,-64,195,422
17,-57,195,370
17,-66,195,369
17,-59,195,369
17,-76,195,369
17,-69,195,369
17,-69,195,369
17,-59,195,369
17,-66,195,369
17,-64,195,369
17,-57,195,369
17,-68,195,369
17,-59,195,369
17,-63,195,369
17,-73,195,369
17,-63,195,369
17,-68,195,369
17,-62,195,369
17,-71,195,369
17,-69,195,369
17,-75,141,369
17,-70,141,369
17,-75,141,369
17,-69,141,369
17,-70,141,369
17,-62,141,369
17,-66,141,369
51,-92,141,369
17,-73,141,369
17,-70,141,395
17,-61,141,437
17,-60,141,437
17,-66,141,437
17,-67,141,437
17,-62,141,437
17,-65,141,437
17,-68,141,437
17,-61,141,437
17,-68,141,437
17,-66,141,437
17,-60,141,437
17,-65,141,437
17,-65,141,437
17,-62,141,437
17,-70,141,437
17,-62,141,437
17,-60,141,437
17,-69,141,509
17,-64,141,509
b8,-59,141,509
17,-66,141,509
b8,-68,141,509
17,-71,141,509
b8,-68,141,509
17,-64,141,509
b8,-59,141,509
17,-66,141,509
b8,-69,141,509
17,-65,141,509
b8,-68,141,509
17,-69,141,509
b8,-68,141,509
17,-66,141,509
b8,-69,141,509
17,-73,141,509
b8,-64,141,509
17,-62,141,509
b8,-67,141,726
17,-62,141,726
b8,-77,141,574
17,-70,141,574
b8,-67,141,603
17,-69,141,603
b8,-73,141,647
17,-77,141,647
b8,-75,141,647
17,-68,141,647
b8,-69,141,647
17,-69,141,647
b8,-72,141,647
17,-77,141,647
b8,-75,141,647
17,-60,141,647
17,-67,141,647
b8,-67,141,647
17,-67,141,647
b8,-69,141,647
17,-71,141,647
b8,-63,141,647
17,-65,141,647
b8,-71,141,647
17,-65,141,647
b8,-69,141,647
17,-64,141,647
b8,-63,141,647
17,-64,141,647
b8,-73,141,647
17,-66,141,647
b8,-66,141,647
17,-62,141,647
b8,-65,141,647
17,-64,141,647
17,-64,141,647
b8,-68,141,647
17,-63,141,647
b8,-64,90,647
17,-64,90,647
b8,-69,50,647
17,-69,50,647
b8,-70,50,647
51,-88,50,647
17,-69,50,647
b8,-70,50,647
17,-68,50,647
b8,-80,50,647
17,-74,50,647
b8,-73,50,647
b8,-76,50,647
b8,-77,50,647
b8,-74,50,647
b8,-79,50,647
b8,-71,50,647
b8,-72,50,647
b8,-81,50,647
b8,-71,50,647
b8,-72,50,647
b8,-84,50,647
b8,-71,50,647
b8,-70,50,647
b8,-77,50,647
b8,-65,50,647
b8,-93,50,647
b8,-79,50,647
b8,-81,50,647
b8,-85,50,647
b8,-83,50,647
b8,-73,50,647
b8,-77,50,647
b8,-74,50,536
b8,-86,50,744
b8,-72,50,744
b8,-82,50,744
b8,-74,50,744
b8,-73,50,744
b8,-75,50,744
b8,-74,50,744
b8,-69,50,744
b8,-86,50,744
b8,-77,50,744
b8,-69,50,744
b8,-81,50,744
b8,-86,50,744
b8,-71,50,744
b8,-82,50,744
b8,-82,50,744
b8,-71,50,744
b8,-81,50,744
b8,-81,50,744
b8,-72,50,744
b8,-78,50,744
b8,-83,50,744
b8,-73,50,744
b8,-79,50,744
b8,-71,50,744
b8,-83,50,744
b8,-84,50,744
b8,-71,50,744
b8,-77,50,877
b8,-74,50,877
b8,-79,50,877
b8,-79,50,877
b8,-77,50,877
b8,-85,50,877
b8,-78,50,877
17,-71,50,877
17,-69,50,877
17,-69,50,877
17,-69,50,877
17,-69,50,877
17,-69,50,877
17,-69,50,877
17,-69,50,877
17,-69,50,877
17,-69,50,877
17,-69,50,877
17,-69,50,877
17,-69,50,877
17,-69,50,877
17,-69,50,877
17,-69,50,877
17,-69,50,877
17,-69,50,877
17,-69,50,877
17,-80,50,877
17,-80,50,877
17,-80,50,877
17,-80,50,877
17,-80,50,877
17,-80,50,877
17,-80,50,877
17,-80,50,877
17,-80,50,877
17,-80,50,877
17,-80,50,877
17,-80,50,877
17,-80,50,877
17,-80,50,877
17,-80,50,877
17,-80,50,877
17,-80,50,877
17,-80,50,877
17,-72,50,877
17,-72,50,877
17,-72,50,877
17,-72,50,877
17,-72,50,877
17,-72,50,877
17,-72,50,877
17,-72,50,877
17,-72,50,877
17,-72,50,877
17,-72,50,877
17,-72,50,877
17,-72,50,877
17,-72,50,877
17,-72,50,877
17,-72,50,877
17,-72,50,877
17,-72,50,877
17,-75,50,877
17,-75,50,877
17,-75,50,877
17,-75,50,877
17,-75,50,877
17,-75,50,877
17,-75,50,877
17,-75,50,877
17,-75,50,877
17,-75,50,877
17,-75,50,877
17,-75,50,877
17,-75,50,877
17,-75,50,877
17,-75,50,877
17,-75,50,877
17,-75,50,877
17,-75,50,877
17,-72,50,877
17,-72,50,877
17,-72,50,877
17,-72,50,877
17,-72,50,877
17,-72,50,877
17,-72,50,877
17,-72,50,877
17,-72,50,877
17,-72,50,877
17,-72,50,877
17,-72,50,877
17,-72,50,877
17,-72,50,877
17,-72,50,877
17,-72,50,877
17,-72,50,877
17,-72,50,877
17,-66,50,877
17,-66,50,877
17,-66,50,877
17,-66,50,877
17,-66,50,877
17,-66,50,877
17,-66,50,877
17,-66,50,877
17,-66,50,877
17,-66,50,877
17,-66,50,877
17,-66,50,877
17,-66,50,877
17,-66,50,877
17,-66,50,877
17,-66,50,877
17,-66,50,877
17,-66,50,877
17,-73,50,960
17,-73,50,960
17,-73,50,960
17,-73,50,960
17,-73,50,960
17,-73,50,960
17,-73,50,960
17,-73,50,960
17,-73,50,960
17,-73,50,960
17,-73,50,960
17,-73,50,960
17,-73,50,960
17,-73,50,960
17,-73,50,960
17,-73,50,960
17,-73,50,960
17,-73,50,960
17,-78,50,960
17,-78,50,960
17,-78,50,960
17,-78,50,960
17,-78,50,960
17,-78,50,960
17,-78,50,960
17,-78,50,960
17,-78,50,960
17,-78,50,960
17,-78,50,960
17,-78,50,960
17,-78,50,960
17,-78,50,960
17,-78,50,960
17,-78,50,960
17,-78,50,960
17,-78,50,960
17,-74,50,960
17,-74,50,960
17,-74,50,960
17,-74,50,960
17,-74,50,960
17,-74,50,960
17,-74,50,960
17,-74,50,960
17,-74,50,960
17,-74,50,960
17,-74,50,960
17,-74,50,960
17,-74,50,960
17,-74,50,960
17,-74,50,960
17,-74,50,960
17,-74,50,960
17,-74,50,960
17,-80,50,960
17,-80,50,960
17,-80,50,960
17,-80,50,960
17,-80,50,960
17,-80,50,960
17,-80,50,960
17,-80,50,960
17,-80,50,960
17,-80,50,960
17,-80,50,960
17,-80,50,960
17,-80,50,960
17,-80,50,960
17,-80,50,960
17,-80,50,960
17,-80,50,960
17,-80,50,960
17,-71,50,960
17,-71,50,960
17,-71,50,960
17,-71,50,960
17,-71,50,960
17,-71,50,960
17,-71,50,960
17,-71,50,960
17,-71,50,960
17,-71,50,960
17,-71,50,960
17,-71,50,960
17,-71,50,960
17,-71,50,960
17,-71,50,960
17,-71,50,960
17,-71,50,960
17,-71,50,960
17,-86,50,960
17,-86,50,960
17,-86,50,960
17,-86,50,960
17,-86,50,960
17,-86,50,960
17,-86,50,960
17,-86,50,960
17,-86,50,960
17,-86,50,960
17,-86,50,960
17,-86,50,960
17,-86,50,960
17,-86,50,960
17,-86,50,960
17,-86,50,960
17,-86,50,960
17,-86,50,960
17,-78,50,960
17,-78,50,960
17,-78,50,960
17,-78,50,960
17,-78,50,960
17,-78,50,960
17,-78,50,960
17,-78,50,960
17,-78,50,960
17,-78,50,960
17,-78,50,960
17,-78,50,960
17,-78,50,960
17,-78,50,960
17,-78,50,960
17,-78,50,960
17,-78,50,960
17,-78,50,960
17,-70,50,960
17,-70,50,960
17,-70,50,960
17,-70,50,960
17,-70,50,960
17,-70,50,960
17,-70,50,960
17,-70,50,960
17,-70,50,960
17,-70,50,960
17,-70,50,960
17,-70,50,960
17,-70,50,960
17,-70,50,960
17,-70,50,960
17,-70,50,960
17,-70,50,960
17,-70,50,960
17,-91,50,960
17,-91,50,960
17,-91,50,960
17,-91,50,960
17,-91,50,960
17,-91,50,960
17,-91,50,960
17,-91,50,960
17,-91,50,960
17,-91,50,960
17,-91,50,960
17,-91,50,960
17,-91,50,960
17,-91,50,960
17,-91,50,960
17,-91,50,960
17,-91,50,960
17,-91,50,960
17,-77,50,1019
17,-77,50,1019
17,-77,50,1019
17,-77,50,1019
17,-77,50,1019
17,-77,50,1019
17,-77,50,1019
17,-77,50,1019
17,-77,50,1019
17,-77,50,1019
17,-77,50,1019
17,-77,50,1019
17,-77,50,1019
17,-77,50,1019
17,-77,50,1019
17,-77,50,1019
17,-77,50,1019
17,-77,50,1019
17,-81,50,1026
17,-81,50,1026
17,-81,50,1026
17,-81,50,1026
17,-81,50,1026
17,-81,50,1026
17,-81,50,1026
17,-81,50,1026
17,-81,50,1026
17,-81,50,1026
17,-81,50,1026
17,-81,50,1026
17,-81,50,1026
17,-81,50,1026
17,-81,50,1026
17,-81,50,1026
17,-81,50,1026
17,-81,50,1026
17,-89,50,1026
17,-89,50,1026
17,-89,50,1026
17,-89,50,1026
17,-89,50,1026
17,-89,50,1026
17,-89,50,1026
17,-89,50,1026
17,-89,50,1026
17,-89,50,1026
17,-89,50,1026
17,-89,50,1026
17,-89,50,1026
17,-89,50,1026
17,-89,50,1026
17,-89,50,1026
17,-89,50,1026
17,-89,50,1026
17,-75,50,1026
17,-75,50,1026
17,-75,50,1026
17,-75,50,1026
17,-75,50,1026
17,-75,50,1026
17,-75,50,1026
17,-75,50,1026
17,-75,50,1026
17,-75,50,1026
17,-75,50,1026
17,-75,50,1026
17,-75,50,1026
17,-75,50,1026
17,-75,50,1026
17,-75,50,1026
17,-75,50,1026
17,-75,50,1026
17,-80,50,1026
17,-80,50,1026
17,-80,50,1026
17,-80,50,1026
17,-80,50,1026
17,-80,50,1026
17,-80,50,1026
17,-80,50,1026
17,-80,50,1026
17,-80,50,1026
17,-80,50,1026
17,-80,50,1026
17,-80,50,1026
17,-80,50,1026
17,-80,50,1026
17,-80,50,1026
17,-80,50,1026
17,-80,50,1026
17,-78,50,1067
17,-78,50,1067
17,-78,50,1067
17,-78,50,1067
17,-78,50,1067
17,-78,50,1067
17,-78,50,1067
17,-78,50,1067
17,-78,50,1067
17,-78,50,1067
17,-78,50,1067
17,-78,50,1067
17,-78,50,1067
17,-78,50,1067
17,-78,50,1067
17,-78,50,1067
17,-78,50,1067
17,-78,50,1067
b8,-74,50,1067
b8,-74,50,1067
b8,-74,50,1067
b8,-74,50,1067
b8,-74,50,1067
b8,-74,50,1067
b8,-74,50,1067
b8,-74,50,1067
b8,-74,50,1067
b8,-74,50,1067
b8,-74,50,1067
b8,-74,50,1067
b8,-74,50,1067
b8,-74,50,1067
b8,-74,50,1067
b8,-74,50,1067
17,-80,50,1067
17,-80,50,1067
17,-80,50,1067
17,-80,50,1067
17,-80,50,1067
17,-80,50,1067
17,-80,50,1067
17,-80,50,1067
17,-80,50,1067
17,-80,50,1067
17,-80,50,1067
b8,-74,50,1067
17,-80,50,1067
17,-80,50,1067
17,-80,50,1067
17,-80,50,1067
b8,-74,50,1067
17,-80,50,1067
17,-80,50,1067
17,-80,50,1067
b8,-81,50,1067
b8,-81,50,1067
b8,-81,50,1067
b8,-81,50,1067
b8,-81,50,1067
b8,-81,50,1067
b8,-81,50,1067
b8,-81,50,1067
b8,-81,50,1067
b8,-81,50,1067
b8,-81,50,1067
b8,-81,50,1067
b8,-81,50,1067
b8,-81,50,1067
b8,-81,50,1067
b8,-81,50,1067
b8,-81,50,1067
17,-74,50,1067
17,-74,50,1067
17,-74,50,1067
17,-74,50,1067
17,-74,50,1067
17,-74,50,1067
17,-74,50,1067
17,-74,50,1067
17,-74,50,1067
17,-74,50,1067
17,-74,50,1067
17,-74,50,1067
17,-74,50,1067
17,-74,50,1067
17,-74,50,1067
17,-74,50,1067
b8,-81,50,1067
17,-74,50,1067
17,-74,50,1067
b8,-77,50,1067
b8,-77,50,1067
b8,-77,50,1067
b8,-77,50,1067
b8,-77,50,1067
b8,-77,50,1067
b8,-77,50,1067
b8,-77,50,1067
b8,-77,50,1067
b8,-77,50,1067
b8,-77,50,1067
b8,-77,50,1067
b8,-77,50,1067
b8,-77,50,1067
b8,-77,50,1067
17,-87,50,1067
b8,-77,50,1067
b8,-77,50,1067
17,-87,50,1067
17,-87,50,1067
17,-87,50,1067
17,-87,50,1067
17,-87,50,1067
17,-87,50,1067
17,-87,50,1067
17,-87,50,1067
17,-87,50,1067
17,-87,50,1067
17,-87,50,1067
17,-87,50,1067
17,-87,50,1067
17,-87,50,1067
17,-87,50,1067
17,-87,50,1067
b8,-77,50,1067
17,-87,50,1067
b8,-92,50,1067
b8,-92,50,1067
b8,-92,50,1067
b8,-92,50,1067
b8,-92,50,1067
b8,-92,50,1067
b8,-92,50,1067
b8,-92,50,1067
b8,-92,50,1067
b8,-92,50,1067
b8,-92,50,1067
b8,-92,50,1067
17,-79,50,1067
17,-79,50,1067
17,-79,50,1067
17,-79,50,1067
17,-79,50,1067
b8,-92,50,1067
b8,-92,50,1067
b8,-92,50,1067
b8,-92,50,1067
b8,-92,50,1067
b8,-92,50,1067
17,-79,50,1067
17,-79,50,1067
17,-79,50,1067
17,-79,50,1067
17,-79,50,1067
17,-79,50,1067
17,-79,50,1067
17,-79,50,1067
17,-79,50,1067
17,-79,50,1067
17,-79,50,1067
17,-79,50,1067
17,-79,50,1067
b8,-77,50,1072
b8,-77,50,1072
b8,-77,50,1072
b8,-77,50,1072
17,-73,50,1072
b8,-77,50,1072
b8,-77,50,1072
b8,-77,50,1072
17,-73,50,1072
b8,-77,50,1072
17,-73,50,1074
17,-73,50,1074
b8,-77,50,1072
b8,-77,50,1074
17,-73,50,1074
b8,-77,50,1072
b8,-77,50,1074
b8,-77,50,1074
17,-73,50,1074
17,-73,50,1074
b8,-77,50,1074
b8,-77,50,1074
17,-73,50,1074
17,-73,50,1074
17,-73,50,1074
17,-73,50,1074
b8,-77,50,1074
17,-73,50,1074
17,-73,50,1074
b8,-77,50,1074
b8,-77,50,1074
17,-73,50,1074
17,-73,50,1074
17,-73,50,1076
17,-73,50,1074
17,-73,50,1074
b8,-75,50,1156
b8,-75,50,1156
b8,-75,50,1156
b8,-75,50,1156
b8,-75,50,1156
b8,-75,50,1156
b8,-75,50,1156
b8,-75,50,1156
b8,-75,50,1156
b8,-75,50,1156
b8,-75,50,1156
b8,-75,50,1156
b8,-75,50,1156
b8,-75,50,1156
b8,-75,50,1156
b8,-75,50,1156
b8,-75,50,1156
b8,-75,50,1156
b8,-79,50,1157
b8,-79,50,1157
b8,-79,50,1159
b8,-79,50,1159
b8,-79,50,1159
b8,-79,50,1159
b8,-79,50,1159
b8,-79,50,1159
b8,-79,50,1159
b8,-79,50,1159
b8,-79,50,1159
b8,-79,50,1159
b8,-79,50,1159
b8,-79,50,1159
b8,-79,50,1159
b8,-79,50,1157
b8,-79,50,1159
b8,-79,50,1159
17,-87,50,1160
17,-87,50,1160
17,-87,50,1160
17,-87,50,1160
17,-87,50,1160
17,-87,50,1160
17,-87,50,1160
17,-87,50,1160
17,-87,50,1160
17,-87,50,1160
17,-87,50,1160
17,-87,50,1160
17,-87,50,1160
17,-87,50,1160
17,-87,50,1160
17,-87,50,1160
17,-87,50,1160
17,-87,50,1160
b8,-74,50,1160
b8,-74,50,1160
b8,-74,50,1160
b8,-74,50,1160
b8,-74,50,1160
b8,-74,50,1160
b8,-74,50,1160
b8,-74,50,1160
b8,-74,50,1160
b8,-74,50,1160
b8,-74,50,1160
b8,-74,50,1160
b8,-74,50,1160
17,-78,50,1160
17,-78,50,1160
17,-78,50,1160
17,-78,50,1160
17,-78,50,1160
17,-78,50,1160
17,-78,50,1160
17,-78,50,1160
17,-78,50,1160
17,-78,50,1160
b8,-74,50,1160
b8,-74,50,1160
17,-78,50,1160
17,-78,50,1160
17,-78,50,1160
b8,-74,50,1160
b8,-74,50,1160
17,-78,50,1160
17,-78,50,1160
17,-78,50,1160
b8,-74,50,1160
17,-78,50,1160
17,-78,50,1160
17,-92,38,1191
17,-80,38,1191
17,-81,38,1191
17,-88,38,1191
17,-89,38,1191
17,-93,38,1191
17,-77,38,1191
17,-86,38,1191
17,-82,38,1191
17,-81,38,1191
17,-91,38,1285
17,-79,38,1285
17,-84,38,1285
17,-87,38,1285
17,-86,38,1285
b8,-79,38,1285
17,-86,38,1285
b8,-92,38,1285
17,-83,38,1285
b8,-88,38,1285
17,-85,38,1285
b8,-79,38,1285
17,-90,38,1285
b8,-87,38,1285
17,-82,38,1285
b8,-86,38,1285
17,-93,38,1285
b8,-84,38,1322
17,-78,38,1322
b8,-87,38,1366
17,-92,38,1366
b8,-83,38,1366
17,-84,38,1366
17,-79,38,1366
b8,-77,38,1366
17,-80,38,1366
17,-83,38,1366
17,-85,135,1426
17,-76,135,1426
17,-84,135,1426
17,-84,135,1426
17,-77,135,1426
17,-79,135,1426
17,-83,135,1426
17,-81,135,1426
17,-80,135,1426
17,-79,135,1426
17,-77,181,1426
17,-82,161,1426
17,-82,161,1426
43,-91,161,1426
17,-78,161,1426
17,-79,161,1426
17,-76,161,1426
17,-84,161,1426
43,-86,161,1426
17,-80,161,1426
17,-78,161,1426
43,-89,161,1426
17,-88,161,1426
17,-85,161,1426
43,-88,161,1426
17,-77,161,1426
17,-80,161,1426
3,-93,161,1426
43,-87,161,1426
17,-78,161,1413
17,-77,161,1317
17,-76,161,1317
17,-75,161,1317
17,-90,161,1317
17,-84,161,1317
17,-83,161,1317
17,-79,161,1317
17,-92,161,1317
17,-80,161,1317
17,-78,161,1317
17,-84,161,1317
17,-85,266,1317
17,-79,266,1317
17,-81,266,1317
17,-77,266,1317
17,-79,266,1317
17,-85,266,1317
17,-81,266,1317
43,-91,266,1317
17,-73,266,1317
17,-81,266,1317
17,-80,266,1317
17,-78,266,1317
17,-85,266,1317
17,-89,266,1317
17,-77,266,1317
17,-78,266,1317
17,-88,266,1317
17,-78,266,1317
17,-81,266,1317
17,-79,266,1317
17,-75,266,1317
17,-77,266,1317
17,-76,266,1285
17,-70,266,1239
17,-81,266,1239
17,-79,266,1239
17,-74,266,1239
17,-91,266,1239
17,-84,266,1239
b8,-86,266,1239
b8,-86,266,1239
b8,-79,266,1239
b8,-85,266,1239
17,-75,266,1239
b8,-93,266,1239
17,-90,266,1239
b8,-81,266,1239
17,-81,266,1239
b8,-81,266,1181
17,-79,266,1181
b8,-76,266,1174
b8,-73,266,1174
b8,-77,266,1174
17,-87,266,1174
b8,-78,266,1174
17,-77,266,1174
b8,-77,266,1174
17,-80,266,1174
b8,-76,266,1174
17,-74,266,1174
b8,-73,266,1174
17,-80,266,1174
b8,-74,266,1174
17,-79,266,1174
b8,-79,266,1174
17,-76,266,1174
b8,-74,266,1174
51,-93,266,1174
17,-91,266,1174
17,-73,266,1174
b8,-82,266,1174
17,-77,266,1174
b8,-73,266,1174
17,-82,266,1174
b8,-76,266,1174
17,-90,266,1174
b8,-78,266,1174
17,-74,266,1174
b8,-74,266,1174
b8,-77,266,1161
b8,-89,266,1136
b8,-81,266,1136
b8,-84,266,1136
b8,-80,266,1136
b8,-92,266,1136
b8,-88,266,1136
b8,-73,266,1136
b8,-92,266,1136
b8,-77,241,1136
51,-93,241,1136
b8,-77,202,1136
b8,-77,215,1049
b8,-84,233,1049
b8,-70,233,1049
b8,-80,233,1049
b8,-72,233,1014
51,-93,233,1014
b8,-78,233,1000
b8,-69,233,1000
b8,-77,233,1000
b8,-87,233,1000
b8,-77,233,1000
b8,-83,233,1000
b8,-81,233,1000
b8,-73,233,1000
b8,-79,233,932
b8,-75,233,929
b8,-72,233,929
b8,-79,233,929
b8,-85,233,929
b8,-77,233,929
b8,-79,233,929
b8,-77,233,929
b8,-75,233,929
b8,-77,233,929
b8,-86,233,929
b8,-79,233,929
b8,-71,233,929
b8,-75,233,865
b8,-83,233,865
b8,-72,233,865
b8,-88,233,865
b8,-76,233,865
b8,-74,233,865
b8,-81,233,865
b8,-91,233,824
b8,-69,233,824
b8,-68,233,824
b8,-65,233,824
17,-75,428,755
17,-75,428,755
17,-75,428,755
17,-75,428,755
17,-73,428,755
17,-73,428,755
17,-73,428,755
17,-73,428,755
17,-73,428,755
17,-73,428,755
17,-75,428,755
17,-75,428,755
17,-75,428,755
17,-89,428,737
17,-89,428,737
17,-89,428,737
17,-84,428,699
17,-84,428,699
17,-84,428,698
17,-79,428,685
17,-79,428,685
17,-79,428,685
17,-73,428,685
17,-73,428,685
17,-73,428,685
17,-84,428,685
17,-84,428,685
17,-84,428,685
17,-79,428,685
17,-79,428,685
17,-79,428,685
17,-75,428,685
17,-75,428,685
17,-75,428,685
17,-87,428,685
17,-87,428,685
17,-87,428,685
17,-79,428,685
17,-79,428,685
17,-79,428,685
17,-77,502,685
17,-77,502,685
17,-77,502,685
17,-82,502,685
17,-82,502,685
17,-82,502,685
17,-80,502,685
17,-80,502,685
17,-80,502,685
17,-80,502,685
17,-80,502,685
17,-80,502,685
17,-81,502,685
17,-81,502,685
17,-81,502,685
17,-86,502,685
17,-86,502,685
17,-86,502,685
17,-88,502,685
17,-88,502,685
17,-88,502,685
17,-79,502,685
17,-79,502,685
17,-79,502,685
17,-80,548,685
17,-80,548,685
17,-80,548,685
17,-84,548,685
17,-84,548,685
17,-84,548,685
17,-91,548,685
17,-91,548,685
17,-91,548,685
17,-76,548,685
17,-76,548,685
17,-76,548,685
17,-79,548,685
17,-79,548,685
17,-79,548,685
17,-86,548,685
17,-86,548,685
17,-86,548,685
17,-88,548,685
17,-88,548,685
17,-88,548,685
17,-84,548,685
17,-84,548,685
17,-84,548,685
d7,-88,548,685
17,-88,548,685
d7,-88,548,685
d7,-88,548,685
17,-88,548,685
17,-88,548,685
17,-85,548,685
17,-85,548,685
17,-85,548,685
17,-79,548,685
17,-79,548,685
17,-79,548,685
17,-88,592,685
17,-88,592,685
17,-88,592,685
17,-90,592,685
17,-90,592,685
17,-90,592,685
17,-90,592,685
17,-90,592,685
17,-90,592,685
17,-87,592,685
17,-87,592,685
17,-87,592,685
17,-80,592,685
17,-80,592,685
17,-80,592,685
17,-90,592,685
17,-90,592,685
17,-90,592,685
d7,-91,592,685
d7,-91,592,685
17,-86,592,685
17,-86,592,685
d7,-91,592,685
17,-86,592,685
17,-86,592,685
17,-86,592,685
17,-86,592,685
d7,-90,592,685
d7,-90,592,685
17,-80,592,685
17,-80,592,685
d7,-90,592,685
17,-80,592,685
17,-79,627,685
17,-79,627,685
17,-79,627,685
d7,-93,643,685
d7,-93,643,685
d7,-93,643,685
17,-88,643,685
17,-88,643,685
17,-88,643,685
17,-81,643,685
17,-81,643,685
17,-81,643,685
17,-79,643,685
17,-79,643,685
17,-79,643,685
17,-93,643,685
17,-93,643,685
17,-93,643,685
17,-91,643,685
17,-91,643,685
17,-91,643,685
17,-81,643,685
17,-81,643,685
17,-81,643,685
17,-81,643,685
17,-81,643,685
17,-81,643,685
17,-93,643,685
17,-93,643,685
17,-93,643,685
17,-91,643,685
17,-91,643,685
17,-91,643,685
17,-89,643,685
17,-89,643,685
17,-89,643,685
17,-82,643,739
17,-82,643,739
17,-82,643,739
17,-77,643,767
17,-77,643,767
17,-77,643,767
17,-87,643,767
17,-87,643,767
17,-87,643,767
17,-89,643,767
17,-89,643,767
17,-89,643,767
17,-92,643,767
17,-92,643,767
17,-92,643,767
17,-79,643,767
17,-79,643,767
17,-79,643,767
17,-79,643,767
17,-79,643,767
17,-79,643,767
17,-86,643,885
17,-86,643,885
17,-86,643,885
17,-92,643,885
17,-92,643,885
17,-92,643,885
17,-79,643,885
17,-79,643,885
17,-79,643,885
17,-88,643,885
17,-88,643,885
17,-88,643,885
b8,-75,643,885
b8,-75,643,885
b8,-75,643,885
b8,-76,643,885
b8,-76,643,885
b8,-76,643,885
d7,-84,643,885
d7,-84,643,885
d7,-84,643,885
b8,-79,643,885
b8,-79,643,885
b8,-79,643,885
b8,-88,643,991
b8,-88,643,991
b8,-88,643,991
b8,-83,643,991
b8,-83,643,991
b8,-83,643,991
b8,-80,643,991
b8,-80,643,991
b8,-80,643,991
b8,-81,643,991
b8,-81,643,991
b8,-81,643,991
b8,-75,643,991
b8,-75,643,991
b8,-75,643,991
b8,-85,643,991
b8,-85,643,991
b8,-85,643,991
b8,-89,643,1078
b8,-89,643,1078
b8,-89,643,1078
b8,-93,643,1078
b8,-93,643,1078
b8,-93,643,1078
b8,-86,643,1078
b8,-86,643,1078
b8,-86,643,1078
b8,-76,643,1078
b8,-76,643,1078
b8,-76,643,1078
b8,-81,643,1067
b8,-81,643,1067
b8,-81,643,1067
b8,-83,643,1067
b8,-83,643,1067
b8,-83,643,1067
b8,-77,643,1067
b8,-77,643,1067
b8,-77,643,1067
2a,-92,643,1067
2a,-92,643,1067
2a,-92,643,1067
b8,-93,643,1067
d7,-93,643,1067
b8,-93,643,1067
d7,-93,643,1067
b8,-93,643,1067
d7,-93,643,1067
b8,-79,643,1067
b8,-79,643,1067
b8,-79,643,1067
b8,-77,643,1067
b8,-77,643,1067
b8,-77,643,1067
b8,-84,643,1002
b8,-84,643,1002
b8,-84,643,1002
b8,-81,643,1002
b8,-81,643,1002
b8,-81,643,1002
d7,-93,643,1002
d7,-93,643,1002
d7,-93,643,1002
b8,-71,643,1002
b8,-71,643,1002
b8,-71,643,1002
b8,-79,643,1002
b8,-79,643,1002
d7,-85,643,1002
d7,-85,643,1002
b8,-79,643,1002
d7,-85,643,1002
b8,-82,643,1002
b8,-82,643,1002
b8,-82,643,1002
b8,-74,643,933
b8,-74,643,933
b8,-74,643,933
b8,-84,643,922
b8,-84,643,922
b8,-84,643,922
b8,-73,643,922
b8,-73,643,922
b8,-73,643,922
b8,-80,643,922
b8,-80,643,922
b8,-80,643,922
b8,-86,643,922
b8,-86,643,922
b8,-86,643,922
d7,-93,643,922
d7,-93,643,922
d7,-93,643,922
b8,-73,643,922
b8,-73,643,922
b8,-73,643,922
b8,-80,643,922
b8,-80,643,922
d7,-89,643,922
d7,-89,643,922
b8,-80,643,922
d7,-89,643,922
b8,-80,643,922
b8,-80,643,922
b8,-80,643,922
b8,-71,643,852
d7,-90,643,852
b8,-71,643,852
b8,-71,643,852
d7,-90,643,846
d7,-90,643,846
b8,-78,643,818
b8,-78,643,818
b8,-78,643,818
b8,-67,643,818
b8,-67,643,818
b8,-67,643,818
d7,-89,643,818
d7,-89,643,818
d7,-89,643,818
b8,-71,643,818
b8,-71,643,818
b8,-71,643,818
b8,-74,643,818
b8,-74,643,818
b8,-74,643,818
b8,-69,643,818
b8,-69,643,818
b8,-69,643,818
b8,-71,643,818
b8,-71,643,818
d7,-91,643,818
b8,-71,643,818
d7,-91,643,818
d7,-91,643,818
b8,-87,643,818
b8,-87,643,818
b8,-87,643,818
b8,-75,643,777
b8,-75,643,777
b8,-75,643,777
cd,-93,643,739
cd,-93,643,739
cd,-93,643,739
b8,-70,643,739
b8,-70,643,739
b8,-70,643,739
b8,-73,643,739
b8,-73,643,739
b8,-73,643,739
cd,-90,643,739
cd,-90,643,739
cd,-90,643,739
b8,-63,643,739
b8,-63,643,739
b8,-63,643,739
b8,-68,643,739
b8,-68,643,739
b8,-68,643,739
d7,-93,643,739
d7,-93,643,739
d7,-93,643,739
b8,-71,643,739
b8,-71,643,739
b8,-71,643,739
b8,-64,643,739
b8,-64,643,739
b8,-64,643,739
d7,-93,643,641
d7,-93,643,641
d7,-93,643,641
cd,-81,643,641
cd,-81,643,641
cd,-81,643,641
b8,-66,643,641
b8,-66,643,641
b8,-66,643,641
b8,-84,643,641
b8,-84,643,641
b8,-84,643,641
b8,-83,643,641
b8,-83,643,641
b8,-83,643,641
b8,-68,643,641
b8,-68,643,641
b8,-68,643,641
b8,-69,643,569
b8,-69,643,569
b8,-69,643,569
b8,-80,643,539
b8,-80,643,539
b8,-80,643,539
cd,-84,643,539
cd,-84,643,539
cd,-84,643,539
b8,-64,643,539
b8,-64,643,539
b8,-64,643,539
b8,-64,643,539
b8,-64,643,539
d7,-91,643,539
d7,-91,643,539
b8,-64,643,539
d7,-91,643,539
cd,-92,643,539
b8,-68,643,539
cd,-92,643,539
cd,-92,643,539
b8,-68,643,539
b8,-68,643,539
b8,-67,643,539
b8,-67,643,539
d7,-93,643,539
b8,-67,643,539
d7,-93,643,539
d7,-93,643,539
cd,-93,643,539
cd,-93,643,539
b8,-64,643,539
b8,-64,643,539
cd,-93,643,539
b8,-64,643,539
b8,-71,643,539
b8,-71,643,539
b8,-71,643,539
cd,-84,643,539
b8,-62,643,539
cd,-84,643,539
b8,-62,643,539
cd,-84,643,539
b8,-62,643,539
b8,-69,643,432
b8,-69,643,432
b8,-69,643,432
d7,-91,643,432
d7,-91,643,432
d7,-91,643,432
cd,-90,643,427
cd,-90,643,427
cd,-90,643,427
b8,-77,643,427
b8,-77,643,427
b8,-77,643,427
b8,-75,643,427
b8,-75,643,427
b8,-75,643,427
cd,-79,643,427
cd,-79,643,427
b8,-74,643,427
cd,-79,643,427
b8,-74,643,427
b8,-74,643,427
b8,-79,643,427
b8,-79,643,427
b8,-79,643,427
b8,-68,643,427
b8,-68,643,427
b8,-68,643,427
cd,-90,643,342
cd,-90,643,342
cd,-90,643,342
b8,-64,643,342
b8,-64,643,342
b8,-64,643,342
cd,-93,643,342
cd,-93,643,342
cd,-93,643,342
b8,-60,643,342
b8,-60,643,342
b8,-60,643,342
b8,-66,643,342
b8,-66,643,342
b8,-66,643,342
cd,-91,702,342
cd,-91,702,342
cd,-91,702,342
b8,-75,702,342
b8,-75,702,342
b8,-75,702,342
b8,-69,815,342
b8,-69,815,342
b8,-69,815,342
b8,-69,815,342
b8,-69,815,342
b8,-69,815,342
b8,-66,815,342
b8,-66,815,342
b8,-66,815,342
b8,-71,815,342
b8,-71,815,342
b8,-71,815,342
b8,-73,815,342
b8,-73,815,342
b8,-73,815,342
b8,-66,815,342
b8,-66,815,342
b8,-66,815,342
b8,-69,815,342
b8,-69,815,342
b8,-69,815,342
b8,-71,815,342
b8,-71,815,342
b8,-71,815,342
b8,-77,815,370
b8,-77,815,370
b8,-77,815,370
cd,-87,815,455
cd,-87,815,455
cd,-87,815,455
b8,-85,815,455
b8,-85,815,455
b8,-85,815,455
b8,-74,815,455
b8,-74,815,455
b8,-74,815,455
cd,-86,815,455
cd,-86,815,455
b8,-70,815,455
cd,-86,815,455
b8,-70,815,455
b8,-70,815,455
b8,-79,815,455
b8,-79,815,455
b8,-79,815,455
b8,-67,815,455
b8,-67,815,455
b8,-67,815,455
d7,-88,815,546
d7,-88,815,546
d7,-88,815,546
b8,-69,815,546
b8,-69,815,546
b8,-69,815,546
b8,-77,815,546
b8,-77,815,546
b8,-77,815,546
b8,-75,815,546
b8,-75,815,546
b8,-75,815,546
b8,-75,815,546
b8,-75,815,546
b8,-75,815,546
d7,-90,826,546
d7,-90,826,546
d7,-90,826,546
b8,-75,826,546
b8,-75,826,546
b8,-75,826,546
cd,-89,823,585
cd,-89,823,585
cd,-89,823,585
cd,-88,823,636
cd,-88,823,636
cd,-88,823,636
d7,-87,823,636
d7,-87,823,636
d7,-87,823,636
cd,-88,823,636
cd,-88,823,636
cd,-88,823,636
b8,-79,890,766
b8,-79,890,766
b8,-79,890,766
b8,-76,890,766
b8,-76,890,766
b8,-76,890,766
b8,-77,890,766
b8,-77,890,766
b8,-77,890,766
b8,-76,890,766
b8,-76,890,766
b8,-76,890,766
b8,-88,890,766
b8,-88,890,766
b8,-88,890,766
b8,-76,890,766
b8,-76,890,766
b8,-76,890,766
b8,-71,890,766
b8,-71,890,766
b8,-71,890,766
b8,-82,890,766
b8,-82,890,766
b8,-82,890,766
b8,-91,879,766
b8,-91,879,766
b8,-91,879,766
b8,-90,819,766
b8,-90,819,766
b8,-90,819,766
b8,-75,819,766
b8,-75,819,766
b8,-75,819,766
b8,-77,819,766
b8,-77,819,766
b8,-77,819,766
b8,-77,819,766
b8,-77,819,766
b8,-77,819,766
b8,-77,819,766
b8,-77,819,766
b8,-77,819,766
b8,-73,819,766
b8,-73,819,766
b8,-73,819,766
b8,-75,819,766
b8,-75,819,766
b8,-75,819,766
b8,-86,819,796
b8,-86,819,796
b8,-86,819,796
b8,-80,819,748
b8,-80,819,748
b8,-80,819,748
b8,-79,819,737
b8,-79,819,737
b8,-79,819,737
b8,-74,819,737
b8,-74,819,737
b8,-74,819,737
b8,-72,819,737
b8,-72,819,737
b8,-72,819,737
b8,-76,819,737
b8,-76,819,737
b8,-76,819,737
b8,-77,819,737
b8,-77,819,737
b8,-77,819,737
b8,-73,819,737
b8,-73,819,737
b8,-73,819,737
b8,-72,819,737
b8,-72,819,737
b8,-72,819,737
b8,-77,819,737
b8,-77,819,737
b8,-77,819,737
b8,-71,819,737
b8,-71,819,737
b8,-71,819,737
b8,-72,819,737
b8,-72,819,737
b8,-72,819,737
b8,-72,819,722
b8,-72,819,722
b8,-72,819,722
b8,-73,819,704
b8,-73,819,704
b8,-73,819,704
b8,-77,819,704
b8,-77,819,704
b8,-77,819,704
b8,-66,819,704
b8,-66,819,704
b8,-66,819,704
b8,-73,819,704
b8,-73,819,704
b8,-73,819,704
b8,-67,819,704
b8,-67,819,704
b8,-67,819,704
b8,-63,819,704
b8,-63,819,704
b8,-63,819,704
b8,-73,819,704
b8,-73,819,704
b8,-73,819,704
b8,-67,819,704
b8,-67,819,704
b8,-67,819,704
b8,-64,819,704
b8,-64,819,704
b8,-64,819,704
b8,-69,819,704
b8,-69,819,704
b8,-69,819,704
b8,-67,819,704
b8,-67,819,704
b8,-67,819,704
b8,-64,819,704
b8,-64,819,704
b8,-64,819,704
b8,-73,819,704
b8,-73,819,704
b8,-73,819,704
b8,-67,819,704
b8,-67,819,704
b8,-67,819,704
b8,-64,819,704
b8,-64,819,704
b8,-64,819,704
b8,-73,819,704
b8,-73,819,704
b8,-73,819,704
b8,-67,819,704
b8,-67,819,704
b8,-67,819,704
b8,-64,819,704
b8,-64,819,704
b8,-64,819,704
b8,-75,819,704
b8,-75,819,704
b8,-75,819,704
b8,-66,819,704
b8,-66,819,704
b8,-66,819,704
b8,-64,819,671
b8,-64,819,671
b8,-64,819,671
b8,-76,819,671
b8,-76,819,671
b8,-76,819,671
b8,-75,819,671
b8,-75,819,671
b8,-75,819,671
b8,-80,819,671
b8,-80,819,671
b8,-80,819,671
b8,-71,819,671
b8,-71,819,671
b8,-71,819,671
b8,-71,819,671
b8,-71,819,671
b8,-71,819,671
b8,-71,819,671
b8,-71,819,671
b8,-71,819,671
b8,-74,819,671
b8,-74,819,671
b8,-74,819,671
b8,-77,819,671
b8,-77,819,671
b8,-77,819,671
b8,-73,853,671
b8,-73,853,671
b8,-73,853,671
b8,-88,853,671
b8,-88,853,671
b8,-88,853,671
b8,-78,853,671
b8,-78,853,671
b8,-78,853,671
b8,-71,853,671
b8,-71,853,671
b8,-71,853,671
b8,-87,853,671
b8,-87,853,671
b8,-87,853,671
b8,-82,853,671
b8,-82,853,671
b8,-82,853,671
b8,-80,903,671
b8,-80,903,671
b8,-80,903,671
17,-79,903,671
17,-79,903,671
17,-79,903,671
17,-83,903,671
17,-83,903,671
17,-83,903,671
17,-90,903,671
17,-90,903,671
17,-90,903,671
17,-86,903,671
17,-86,903,671
17,-86,903,671
17,-88,903,608
17,-88,903,608
17,-88,903,608
17,-91,903,597
17,-91,903,597
17,-91,903,597
17,-86,903,597
17,-86,903,597
17,-86,903,597
17,-91,903,597
17,-91,903,597
17,-91,903,597
17,-89,903,535
17,-89,903,535
17,-89,903,535
17,-85,903,535
17,-85,903,535
17,-85,903,535
17,-89,903,535
17,-89,903,535
17,-89,903,535
17,-92,903,535
17,-92,903,535
17,-92,903,535
17,-84,903,484
17,-84,903,484
17,-84,903,484
17,-91,903,420
17,-91,903,420
17,-91,903,420
17,-88,903,420
17,-88,903,420
17,-88,903,420
17,-86,830,420
17,-86,830,420
17,-86,830,420
17,-88,830,420
17,-88,830,420
17,-88,830,420
17,-81,830,420
17,-81,830,420
17,-81,830,420
17,-86,830,420
17,-86,830,420
17,-86,830,420
17,-88,830,420
17,-88,830,420
17,-88,830,420
17,-85,830,420
17,-85,830,420
17,-85,830,420
17,-81,751,420
17,-81,751,420
17,-81,751,420
17,-80,751,420
17,-80,751,420
17,-80,751,420
17,-89,751,420
17,-89,751,420
17,-89,751,420
17,-88,751,534
17,-88,751,534
17,-88,751,534
17,-76,751,534
17,-76,751,534
17,-76,751,534
17,-86,751,534
17,-86,751,534
17,-86,751,534
17,-81,751,667
17,-81,751,667
17,-81,751,667
17,-75,751,667
17,-75,751,667
17,-75,751,667
17,-81,751,667
17,-81,751,667
17,-81,751,667
17,-77,751,667
17,-77,751,667
17,-77,751,667
17,-73,751,667
17,-73,751,667
17,-73,751,667
17,-83,751,667
17,-83,751,667
17,-83,751,667
17,-85,680,667
17,-85,680,667
17,-85,680,667
17,-78,686,667
17,-78,686,667
17,-78,686,667
17,-79,686,667
17,-79,686,667
17,-79,686,667
d7,-90,686,667
d7,-90,686,667
17,-74,686,667
d7,-90,686,667
17,-74,686,667
17,-74,686,667
17,-75,686,667
17,-75,686,667
17,-75,686,667
17,-76,686,667
17,-76,686,667
17,-76,686,667
17,-79,686,667
17,-79,686,667
17,-79,686,667
17,-86,420,879
17,-81,420,879
17,-81,420,879
17,-81,420,879
17,-81,420,879
17,-77,420,879
17,-77,420,879
17,-88,420,879
17,-88,420,879
17,-86,420,879
17,-86,420,879
17,-77,487,879
17,-77,487,879
17,-86,487,879
17,-86,487,879
17,-86,487,879
17,-86,487,879
17,-86,487,879
17,-86,487,879
17,-93,487,879
17,-93,487,879
17,-82,487,879
17,-82,487,879
17,-91,487,879
17,-91,487,879
17,-83,487,879
17,-83,487,879
17,-84,524,879
17,-84,524,879
17,-85,540,879
17,-85,540,879
17,-83,540,879
17,-83,540,879
17,-83,540,879
17,-83,540,879
17,-77,540,879
17,-77,540,879
17,-86,540,879
17,-86,540,879
17,-77,574,879
17,-77,574,879
17,-86,622,879
17,-86,622,879
17,-82,591,879
17,-82,591,879
17,-90,591,879
17,-90,591,879
17,-80,591,879
17,-80,591,879
17,-79,591,879
17,-79,591,879
17,-78,591,879
17,-78,591,879
17,-75,591,827
17,-75,591,827
17,-69,591,791
17,-69,591,791
17,-72,591,812
17,-72,591,812
17,-75,591,812
17,-75,591,812
17,-76,591,812
17,-76,591,812
17,-75,591,812
17,-75,591,812
17,-73,591,812
17,-73,591,812
17,-76,591,812
17,-76,591,812
17,-72,566,812
17,-72,564,812
17,-80,563,812
17,-80,563,812
b8,-55,599,668
b8,-55,599,668
b8,-55,599,668
b8,-58,599,668
b8,-58,599,668
b8,-58,599,668
b8,-59,599,668
b8,-59,599,668
b8,-59,599,668
b8,-59,599,668
b8,-59,599,668
b8,-59,599,668
b8,-57,537,668
b8,-57,537,668
b8,-57,537,668
b8,-57,537,668
b8,-57,537,668
b8,-57,537,668
b8,-57,537,668
b8,-57,537,668
b8,-57,537,668
b8,-58,473,668
b8,-58,473,668
b8,-58,473,668
b8,-63,446,668
b8,-63,446,668
b8,-63,446,668
cd,-91,446,668
cd,-91,446,668
cd,-91,446,668
b8,-60,446,668
b8,-60,446,668
b8,-60,446,668
b8,-62,446,668
b8,-62,446,668
b8,-62,446,668
b8,-66,446,668
b8,-66,446,668
b8,-66,446,668
b8,-63,446,668
b8,-63,446,668
b8,-63,446,668
b8,-57,446,668
b8,-57,446,668
b8,-57,446,668
b8,-60,446,668
b8,-60,446,668
b8,-60,446,668
b8,-59,446,668
b8,-59,446,668
b8,-59,446,668
b8,-74,446,668
b8,-74,446,668
b8,-74,446,668
cd,-92,446,668
b8,-55,446,668
cd,-92,446,668
cd,-92,446,668
b8,-55,446,668
b8,-55,446,668
b8,-61,446,668
b8,-61,446,668
d7,-93,446,668
b8,-61,446,668
d7,-93,446,668
d7,-93,446,668
b8,-57,446,668
b8,-57,446,668
b8,-57,446,668
b8,-53,446,668
b8,-53,446,668
b8,-53,446,668
b8,-61,446,571
b8,-61,446,571
b8,-61,446,571
b8,-69,446,571
b8,-69,446,571
b8,-69,446,571
b8,-56,446,571
b8,-56,446,571
b8,-56,446,571
b8,-62,482,571
b8,-62,482,571
b8,-62,482,571
b8,-57,482,571
b8,-57,482,571
b8,-57,482,571
b8,-52,547,571
b8,-52,547,571
b8,-52,547,571
b8,-55,547,571
b8,-55,547,571
b8,-55,547,571
b8,-55,547,571
b8,-55,547,571
b8,-55,547,571
b8,-61,547,476
b8,-61,547,476
b8,-61,547,476
b8,-60,547,476
b8,-60,547,476
b8,-60,547,476
b8,-66,547,476
b8,-66,547,476
b8,-66,547,476
b8,-57,547,476
b8,-57,547,476
b8,-57,547,476
b8,-70,510,476
b8,-70,510,476
b8,-70,510,476
b8,-60,510,476
b8,-60,510,476
b8,-60,510,476
b8,-61,510,476
b8,-61,510,476
b8,-61,510,476
b8,-69,352,476
b8,-69,352,476
b8,-69,352,476
b8,-63,483,476
b8,-63,483,476
b8,-63,483,476
b8,-63,444,476
b8,-63,444,476
b8,-63,444,476
b8,-66,419,476
b8,-66,419,476
b8,-66,419,476
b8,-77,419,408
b8,-77,419,408
b8,-77,419,408
b8,-65,419,408
b8,-65,419,408
b8,-65,419,408
b8,-69,419,408
b8,-69,419,408
b8,-69,419,408
b8,-71,419,408
b8,-71,419,408
b8,-71,419,408
b8,-62,419,408
b8,-62,419,408
b8,-62,419,408
b8,-66,473,408
b8,-66,473,408
b8,-66,473,408
b8,-62,494,408
b8,-62,494,408
b8,-62,494,408
b8,-66,494,408
b8,-66,494,408
b8,-66,494,408
b8,-65,559,408
b8,-65,559,408
b8,-65,559,408
b8,-65,559,408
b8,-65,559,408
b8,-65,559,408
b8,-69,559,408
b8,-69,559,408
b8,-69,559,408
b8,-66,559,408
b8,-66,559,408
b8,-66,559,408
b8,-71,559,408
b8,-71,559,408
b8,-71,559,408
b8,-59,559,390
b8,-59,559,390
b8,-59,559,390
b8,-66,559,359
b8,-66,559,359
b8,-66,559,359
b8,-74,559,359
b8,-74,559,359
b8,-74,559,359
b8,-73,519,359
b8,-73,519,359
b8,-73,519,359
b8,-82,519,359
b8,-82,519,359
b8,-82,519,359
b8,-72,451,359
b8,-72,451,359
b8,-72,451,359
b8,-73,451,359
b8,-73,451,359
b8,-73,451,359
b8,-75,451,330
b8,-75,451,330
b8,-75,451,330
b8,-75,451,273
b8,-75,451,273
b8,-75,451,273
b8,-75,469,273
b8,-75,469,273
b8,-75,469,273
b8,-76,508,273
b8,-76,508,273
b8,-76,508,273
b8,-78,508,273
b8,-78,508,273
b8,-78,508,273
b8,-73,508,273
b8,-73,508,273
b8,-73,508,273
b8,-75,543,273
b8,-75,543,273
b8,-75,543,273
17,-88,802,273
17,-88,802,273
17,-88,802,273
17,-92,893,273
17,-92,893,273
17,-92,893,273
17,-88,989,273
17,-88,989,273
17,-88,989,273
17,-87,989,273
17,-87,989,273
17,-87,989,273
17,-92,989,273
17,-92,989,273
17,-92,989,273
17,-93,1053,262
17,-93,1053,262
17,-93,1053,262
17,-93,1094,262
17,-93,1094,262
17,-93,1094,262
17,-93,1013,222
17,-93,1013,222
17,-93,1013,222
17,-91,868,222
17,-91,868,222
17,-91,868,222
17,-91,702,222
17,-91,702,222
17,-91,702,222
17,-87,702,222
17,-87,702,222
17,-87,702,222
17,-88,605,222
17,-88,605,222
17,-88,605,222
17,-92,605,222
17,-92,605,222
17,-92,605,222
17,-93,546,222
17,-93,546,222
17,-93,546,222
17,-87,491,222
17,-87,491,222
17,-87,491,222
17,-93,491,222
17,-93,491,222
17,-93,491,222
17,-88,491,222
17,-88,491,222
17,-88,491,222
17,-86,450,222
17,-86,450,222
17,-86,450,222
17,-93,541,135
17,-93,541,135
17,-93,541,135
17,-93,577,9
17,-93,577,9
17,-93,577,9
17,-92,656,84
17,-92,656,84
17,-92,656,84
17,-93,694,84
17,-93,694,84
17,-93,694,84
17,-92,694,84
17,-92,694,84
17,-92,694,84
17,-91,771,84
17,-91,771,84
17,-91,771,84
17,-93,774,84
17,-93,774,84
17,-93,774,84
b8,-81,774,84
b8,-81,774,84
b8,-81,774,84
b8,-80,841,84
b8,-80,841,84
b8,-80,841,84
b8,-76,866,84
b8,-76,866,84
17,-93,866,84
17,-93,866,84
b8,-76,866,84
17,-93,866,84
b8,-84,866,84
b8,-84,866,84
b8,-84,866,84
17,-93,866,84
17,-93,866,84
17,-93,866,84
b8,-78,906,84
b8,-78,906,84
b8,-78,906,84
17,-91,954,84
17,-91,954,84
17,-91,954,84
17,-92,986,84
17,-92,986,84
17,-92,986,84
b8,-91,1022,84
b8,-91,1022,84
17,-87,1022,84
b8,-91,1022,84
17,-87,1022,84
17,-87,1022,84
